시장명,구분,주소,전화,취급품목,이용시간,휴무,주차시설,기본설명,팝업창 기본설명
대인시장,동구,광주 동구 제봉로194번길 7-1,062-223-3001,"농수산물, 가공식품, 수산물",08:00 ~ 20:00 / 야시장운영 매주토 19~23시,첫째주셋째주 일요일,"62면/공영(30분당 500원, 시장이용객 1시간무료지원)",대인동은 옛날부터 자리를 잡아온 동네라 그런지 유독히도 어르신들이 많다. 주변 인근 역에서 농수산물을 가지고와 팔기 위해 모이면서 시장이 형성되었다. 현재 야시장이 널리알려져 함께 상생하는 시장이 되어 옛모습은 많이 잃었지만 여전히 정감가는 곳에 위치해 있다.,대인동은 옛날부터 자리를 잡아온 동네라 그런지 유독히도 어르신들이 많다. 주변 인근 역에서 농수산물을 가지고와 팔기 위해 모이면서 시장이 형성되었다. 현재 야시장이 널리알려져 함께 상생하는 시장이 되어 옛모습은 많이 잃었지만 여전히 정감가는 곳에 위치해 있다.
산수무등산시장,동구,광주 동구 필문대로17번길 13-6,062-226-1101,"야채, 청과",03:00 ~ 21:00,"첫째, 셋째 일요일 휴무",없음,1970년대쯤부터 산수동일대에 상권이형성되면서 자연스레 만들어진 골목형 전통시장이다.,1970년대쯤부터 산수동일대에 상권이형성되면서 자연스레 만들어진 골목형 전통시장이다.
산수시장,동구,광주 동구 필문대로17번길 9-9,062-226-1101,"농산물 도매, 홍어, 수산물 등","07:00 ~ 20:00 / 음식점운영 월~토 15:00~23:00",첫째주셋째주 일 일요일,"111면/공영(30분당 600원, 시장이용객 45분 무료지원)",산수시장은 산수동일대에 자연스레 생겨난 수산물 특화시장이다.산수동일대에 위치 산수오거리에 상권 형성이 되면서 자연스레골목형으로 수산물을 파는상인과 음식점이 주를이루며 먹거리 등 특화된 특화시장이다.,산수시장은 산수동일대에 자연스레 생겨난 수산물 특화시장이다.산수동일대에 위치 산수오거리에 상권 형성이 되면서 자연스레골목형으로 수산물을 파는상인과 음식점이 주를이루며 먹거리 등 특화된 특화시장이다.
남광주시장,동구,광주광역시 동구 양림로 192번길 9,062-224-8651,국밥골목,07:00 ~ 22:00,없음,공영,남광주 지하철역에 위치한 남광주역 특성상으로 수산물이나 농산물등을 떼와서 팔기시작해 만들어진 시장으로 국밥골목이 유명하여 많은 국밥집을 판매한다.,남광주 지하철역에 위치한 남광주역 특성상으로 수산물이나 농산물등을 떼와서 팔기시작해 만들어진 시장으로 국밥골목이 유명하여 많은 국밥집을 판매한다.
양동시장,서구,광주 서구 천변좌로 238,062-366-0884,"홍어, 건어물, 제기, 의류, 혼수, 커텐 등",07:00 ~ 21:00,첫째주셋째주 일 일요일(4월~9월),"446면/공영(30분700원, 시장30분무료+상인30분무료)","양동시장은 호남최대의 시장으로 불릴정도로 규모가 큰 광주를 대표하는 시장이다. 전국에서 소비되는 홍어의 90%가 양동시장에서 유통되며, 제수용품이 전국최고의 품질을 자랑하는것으로 유명하다. 호남최대 전통시장 명성에 걸맞게 시장내 점포에서 판매하는 농수산물을 직접 가공하여 판매하는 반찬, 생활용품, 한복, 혼수품 등 다양한 물품을 판매하고 있다.","양동시장은 호남최대의 시장으로 불릴정도로 규모가 큰 광주를 대표하는 시장이다. 전국에서 소비되는 홍어의 90%가 양동시장에서 유통되며, 제수용품이 전국최고의 품질을 자랑하는것으로 유명하다. 호남최대 전통시장 명성에 걸맞게 시장내 점포에서 판매하는 농수산물을 직접 가공하여 판매하는 반찬, 생활용품, 한복, 혼수품 등 다양한 물품을 판매하고 있다."
양동복개상가시장,서구,광주 서구 천변좌로 243,062-366-0884,"의류, 커텐, 침구",09:00 ~ 21:00,"첫째, 셋째 일요일 휴무",공영,양동복개상가시장은 광주천위로 다리를 건설 해 만든 양동복개상가는 의류와 커텐을 파는 도소매점 특화시장이다.,양동복개상가시장은 광주천위로 다리를 건설 해 만든 양동복개상가는 의류와 커텐을 파는 도소매점 특화시장이다.
양동수산물시장,서구,광주 서구 양동시장2길 32,062-361-1127,게,09:00 ~ 21:00,"첫째, 셋째 일요일 휴무",공영,처음에는 호남 지역 가장 큰 수산물이 유통되는 도매업을 위주로 하다가 점차 소매형태로 판매하다가 1980년대쯤부터 이름을 건 수산물 시장으로 발전하였다.,처음에는 호남 지역 가장 큰 수산물이 유통되는 도매업을 위주로 하다가 점차 소매형태로 판매하다가 1980년대쯤부터 이름을 건 수산물 시장으로 발전하였다.
양동건어물시장,서구,광주 서구 천변좌로246번길 16,062-364-3094,홍어,09:00 ~ 21:00,"첫째, 셋째 일요일 휴무",공영,현재 양동시장 내 한구역을 차지하며 1960년대 건어물시장으로 개설되었다.,현재 양동시장 내 한구역을 차지하며 1960년대 건어물시장으로 개설되었다.
양동건어물종합,서구,광주 서구 천변좌로254번길 6,062-364-5040,멸치,06:00 ~ 19:00,"첫째, 셋째 일요일 휴무",공영,양동건어물시장은 다양한 건어물을 판매하는 도매 점포이며 소매점포와 도매상 규모가 커서 도매업을 위주로타지역까지 판매하고 건어물을 구입할 수 있다.,양동건어물시장은 다양한 건어물을 판매하는 도매 점포이며 소매점포와 도매상 규모가 커서 도매업을 위주로타지역까지 판매하고 건어물을 구입할 수 있다.
양동산업용품시장,서구,광주 서구 양동로 205,062-364-3370,기계,06:30 ~ 19:30,"첫째, 셋째 일요일 휴무",공영,양동산업용품시장은 원래는 1950년대부터 개설되었는데 처음에는 기계나 철물점같은 점포가 모여서 소매형태로 판매하다가 1970년대부터 산업용품을 판매하는 점포가 모이는 상가로 발전하게 되었다.,양동산업용품시장은 원래는 1950년대부터 개설되었는데 처음에는 기계나 철물점같은 점포가 모여서 소매형태로 판매하다가 1970년대부터 산업용품을 판매하는 점포가 모이는 상가로 발전하게 되었다.
양동경열로시장,서구,광주 서구 경열로 140-1,062-363-9277,야채,03:00 ~ 21:00,"첫째, 셋째 일요일 휴무",공영,양동시장 한켠에 자리잡아 도매형태로 형성되어 있는 시장이다.,양동시장 한켠에 자리잡아 도매형태로 형성되어 있는 시장이다.
화정동서부시장,서구,광주 서구 화정로156번길 24-1,062-368-8161,"국밥, 족발, 한과, 떡, 아구찜",08:00 ~ 24:00,없음,"39면/공영(30분 700원, 상가 영수증 30분 무료)","서구 공영주 1호인 화정동에 상권이 밀집된 위치해 있는 화정동서부시장은 2001년에 개설되어 비교적 역사는 짧은 편이나, 주거 밀집된 아파트단지들이 형성되어 먹을거리 음식점과 특색 있는 메뉴로 식사 찾는 이들이다.","서구 공영주 1호인 화정동에 상권이 밀집된 위치해 있는 화정동서부시장은 2001년에 개설되어 비교적 역사는 짧은 편이나, 주거 밀집된 아파트단지들이 형성되어 먹을거리 음식점과 특색 있는 메뉴로 식사 찾는 이들이다."
무등시장,남구,광주 남구 군분로 27,062-652-5549,"순대국, 돈가스박스, 국밥골목 등 다양한 먹거리",08:00 ~ 20:00,없음,"49면/공영(30분 300원, 1시간 무료도장)","1978년 주월동에 위치 아파트상가건물에서 하는 작고 초라한곳에서 개설되었지만 이후 점점 발전하여가게 판매되었다. 주변인근에는 상림과 평화맨션아파트, 한전옆에 위치해있다, 유진맨션이, 광명맨션이 근처 있다.","1978년 주월동에 위치 아파트상가건물에서 하는 작고 초라한곳에서 개설되었지만 이후 점점 발전하여가게 판매되었다. 주변인근에는 상림과 평화맨션아파트, 한전옆에 위치해있다, 유진맨션이, 광명맨션이 근처 있다."
봉선시장,남구,광주 남구 봉선1로 47번길 7,062-651-4808,"수제오란다과자, 아로마향수, 족발보쌈 등 먹거리",07:00 ~ 22:00,둘째주 일요일,"45면/공영(1시간 600원, 상점시 1시간 무료지원)","봉선시장은 2009년에 설립된 전통형 인근의 단독주택문화가 형성된 상림과 봉선주택문화단지, 인접하여, 접근이 매우 용이하여 많은 이들이다.","봉선시장은 2009년에 설립된 전통형 인근의 단독주택문화가 형성된 상림과 봉선주택문화단지, 인접하여, 접근이 매우 용이하여 많은 이들이다."
말바우 시장,북구,광주광역시 북구 동문대로 23,062-262-5730,"김치반찬, 홍어초무침",08:00 ~ 20:00,없음,14면/공영,1986년 북구 우산동 우산로 아파트단 주변에서 상인들이 점포를 열면서 형성되었다. 시내와 매우 가깝고 주위에는 서민들 친밀한 농산물등 점포를 운영하고 있다.,1986년 북구 우산동 우산로 아파트단 주변에서 상인들이 점포를 열면서 형성되었다. 시내와 매우 가깝고 주위에는 서민들 친밀한 농산물등 점포를 운영하고 있다.
운암 시장,북구,광주광역시 북구 황계로 87,062-527-1719,"농산물, 반찬가게 도소매",08:00 ~ 20:00,없음,13면/아파트상가,"입구에 운암동 아파트 단지에 위치해 있고, 인근 아파트 상가로 쏙 들어 있어서 점포, 야채, 식육 있는 골목이 잘 가꾸어져 다소 위치해 있어 편하게 잘 찾을 수 있다.","입구에 운암동 아파트 단지에 위치해 있고, 인근 아파트 상가로 쏙 들어 있어서 점포, 야채, 식육 있는 골목이 잘 가꾸어져 다소 위치해 있어 편하게 잘 찾을 수 있다."
두암타운시장,북구,광주 북구 삼정로81번길 27,062-262-4082,"야채, 참기름, 들기름, 식육, 반찬가게, 떡가게",08:00 ~ 20:00,없음,"126면/공영(30분 400원, 상점시 50%할인)","두암타운 주위에 근방에 산이 아래에 잘 막고 있어서 바람 겨울 두암동 모퉁이라는 지역에 큰 두암마을이라서 뒷골 양쪽 등산로가 해서 두암이 이름이고, 인접한 골목이 형성되면서 두암타운시장이라는 자연적으로 불리어지게 되었다.
점포는 주로 2, 4, 7, 9일에 장이 열며 반찬가게, 식육,건어물,화장품 등 인근 주부들이 주로 장보러 농수산물 파는걸 사서 저녁에 해먹 장보는 사람을 위한 시장이다.","두암타운 주위에 근방에 산이 아래에 잘 막고 있어서 바람 겨울 두암동 모퉁이라는 지역에 큰 두암마을이라서 뒷골 양쪽 등산로가 해서 두암이 이름이고, 인접한 골목이 형성되면서 두암타운시장이라는 자연적으로 불리어지게 되었다.
점포는 주로 2, 4, 7, 9일에 장이 열며 반찬가게, 식육,건어물,화장품 등 인근 주부들이 주로 장보러 농수산물 파는걸 사서 저녁에 해먹 장보는 사람을 위한 시장이다."
일곡 시장,북구,광주광역시 북구 일곡택지9번길 39,062-264-3430,"1,000원 야채",08:00 ~ 20:00,없음,15면/공영,"일동중학교 북문에서 시작해 5개 골목에 위치한 시장로, 일곡동 단독주택단지 골목길 상가들이 위치한 소규모 다소생활 시장이다.","일동중학교 북문에서 시작해 5개 골목에 위치한 시장로, 일곡동 단독주택단지 골목길 상가들이 위치한 소규모 다소생활 시장이다."
비아5일시장,광산구,광주광역시 광산구 비아로29번길 64,***-****-****(상인회),참기름,07:00 ~ 19:00,매월장 날제외(3/8/13/18/23/28 장날),"213면/공영(15분당 200원, 시장이용시 50% 할인)","광주 외곽 목포로 이어지는 길목을 하는 교통지인 1920년대쯤부터 상업단지가 틀을 잡고 규모가 큰 오일장이 개설되어 있다. 매월5일장이 열리는 광주로 중심에 자리잡고 있으며, 농수산물시장도 근처에 있다.","광주 외곽 목포로 이어지는 길목을 하는 교통지인 1920년대쯤부터 상업단지가 틀을 잡고 규모가 큰 오일장이 개설되어 있다. 매월5일장이 열리는 광주로 중심에 자리잡고 있으며, 농수산물시장도 근처에 있다."
송정5일시장,광산구,광주 광산구 광산로30번길 65,062-944-1026,"국밥, 새끼",아침~저녁,"3, 8, 13, 18, 23, 28일 장날","168면/공영(30분 400원, 시장이용객 50%할인)","전라도 서남해안의 중심인 5일장으로, 매달 3일과 8일에 장이 열림. 1913년 송정역이 생기면서 점포 와 물건이 모여서 큰 상가가 곳곳에 점차로 형성되 되었다고 한다.","전라도 서남해안의 중심인 5일장으로, 매달 3일과 8일에 장이 열림. 1913년 송정역이 생기면서 점포 와 물건이 모여서 큰 상가가 곳곳에 점차로 형성되 되었다고 한다."
우산5일시장,광산구,광주 광산구 우산시장안길26-1,***-****-****(상인회),"야채가게, 식육, 새끼",07:00 ~ 19:00,"1, 6, 11, 16, 21, 26일 장날",53면/공영,"우산5일장은 1964년에 설립된 재래시장 1일과 6일에 장이 서는 곳임. 주로 주부들이 반찬과 식재료를 조달하는 상가 소규모로 야채, 생선, 식육, 잡화, 새끼, 화장품 상가들이 위치해 열린 작고 아담한 골목상가 시장이다.","우산5일장은 1964년에 설립된 재래시장 1일과 6일에 장이 서는 곳임. 주로 주부들이 반찬과 식재료를 조달하는 상가 소규모로 야채, 생선, 식육, 잡화, 새끼, 화장품 상가들이 위치해 열린 작고 아담한 골목상가 시장이다."
1913 송정역시장,광산구,광주 광산구 송정로8번길 13,062-941-6605,"홍삼, 양갱, 마카롱, 계란밥, 수제맥주집, 삼겹살 등","월 목요일 오전11시 ~ 오후10시
금 토,일 공휴일 오전11시 ~ 오후11시
※ 점포별영업 시간다름",둘째주넷째주 월요일,"38면/공영(30분 400원, 50%할인권)","1913년에 처음 ‘매일송정역전시장’이 시작됐다. 103년의 역사를 강조하기 위해서 이름을 1913송정역시장으로 바꿨다.
이 골목을 지키고 있는 36개의 상점의 간판 글씨, 가게 형태, 가게 색상 중 하나는 남겨두어야 하는 원칙이 바닥에는 건물연도가 적혀져 있다.
1913송정역시장 역 앞 길에 늘어선 식당에 케리어보관함도 볼 수 있다.","1913년에 처음 ‘매일송정역전시장’이 시작됐다. 103년의 역사를 강조하기 위해서 이름을 1913송정역시장으로 바꿨다.
이 골목을 지키고 있는 36개의 상점의 간판 글씨, 가게 형태, 가게 색상 중 하나는 남겨두어야 하는 원칙이 바닥에는 건물연도가 적혀져 있다.
1913송정역시장 역 앞 길에 늘어선 식당에 케리어보관함도 볼 수 있다."
월곡시장,광산구,광주 광산구 사암로 300,062-961-6114,수산물,06:00 ~ 22:00,첫째주셋째주 일요일,88면/공영(1시간 이상 주차 15분 200원),"하남에 있는 유일한 재래시장(전통시장)임으로 동네의 옛칭이름 다달이 만월이 뜬다하여 ""다달이"" ""달나비""등으로 불리어지며 역 중심에 아파트단지에 자리하고 있다.","하남에 있는 유일한 재래시장(전통시장)임으로 동네의 옛칭이름 다달이 만월이 뜬다하여 ""다달이"" ""달나비""등으로 불리어지며 역 중심에 아파트단지에 자리하고 있다."
송정매일시장,광산구,광주 광산구 광산로231번길 29-17,***-****-****(상인회),야채청,08:00 ~ 22:00,셋째주 일요일(상가별 다름),공영,"1986년 송정역주변 전통시장 점포를 시작하면서 주변에 송정로 시장과 위치해 이름이 50년 넘게 상점을 운영하고 있다. 주로 농산물, 수산물, 야채청 점포가 주를이루어 판매한다.","1986년 송정역주변 전통시장 점포를 시작하면서 주변에 송정로 시장과 위치해 이름이 50년 넘게 상점을 운영하고 있다. 주로 농산물, 수산물, 야채청 점포가 주를이루어 판매한다."
